produkt_id,vk,ek
2736214,76.6,38.3
2736215,74.6,37.3
2736216,77.7,38.85
2736217,69.1,34.55
2736218,39.9,19.95
2736219,66.0,28.05
2736220,0.0,22.7
2736221,0.0,33.1
2736222,0.0,20.25
2736223,0.0,19.55
2736224,0.0,20.25
2736225,0.0,19.6
2736226,0.0,20.3
2736227,68.7,36.4
2736228,0.0,19.6
2736229,13.1,7.0
2736230,24.0,12.8
2736231,41.1,20.55
2736232,0.0,0.6
2736233,73.9,36.95
2736234,32.2,17.1
2736235,0.0,22.3
2736236,64.4,34.2
2736237,62.7,33.3
2736238,57.2,30.3
2736239,0.0,20.25
2736240,0.0,18.6
2736241,0.0,20.3
2736242,0.0,20.25
2736243,0.0,0.6
2736244,0.0,76.2
2736245,0.0,76.2
2736246,0.0,76.2
2736247,0.0,76.2
2736248,0.0,31.0
2736249,0.0,12.6
2736250,9.9,5.3
2736251,0.0,47.4
2736252,0.0,47.4
2736253,58.8,31.2
2736254,58.8,31.2
2736255,58.8,31.2
2736256,58.8,25.8
2736257,58.8,31.2
2736258,58.8,31.2
2736259,58.8,31.2
2736260,0.0,47.4
2736261,0.0,47.4
2736262,0.0,47.4
2736263,0.0,47.4
2736264,0.0,47.4
2736265,0.0,10.5
2736266,0.0,10.5
2736267,0.0,10.5
2736268,0.0,10.5
2736269,0.0,10.5
2736270,0.0,10.5
2736271,0.0,20.5
2736272,0.0,10.5
2736273,0.0,3750.0
2736274,0.0,132.4
2736275,45.9,22.95
2736276,49.8,24.9
2736277,0.0,4.7
2736278,0.0,25.9
2736279,0.0,7.2
2736280,0.0,61.2
2736281,0.0,26.5
2736282,0.0,16.4
2736283,0.0,111.0
2736284,0.0,129.7
2736285,0.0,35.0
2736286,0.0,113.1
2736287,20.5,10.9
2736288,20.5,10.9
2736289,20.5,10.9
2736290,20.5,10.9
2736291,72.5,36.5
2736292,72.5,36.5
2736293,53.6,26.8
2736294,20.6,11.0
2736295,20.6,11.0
2736296,0.0,20.4
2736297,0.0,16.4
2736298,0.0,49.9
2736299,67.9,28.86
2736300,56.6,28.3
2736301,25.2,13.4
2736302,0.0,20.7
2736303,25.2,13.4
2736304,32.9,16.8
2736305,0.0,19.3
2736306,0.0,18.5
2736307,10.9,5.9
2736308,33.1,16.55
2736309,149.3,74.65
2736310,99.0,61.8
2736311,0.0,0.6
2736312,0.0,48.0
2736313,35.4,18.8
2736314,0.0,90.6
2736315,95.9,49.65
2736316,77.3,41.0
2736317,49.2,26.1
2736318,0.0,22.9
2736319,53.9,28.6
2736320,89.4,47.4
2736321,27.9,14.8
2736322,27.9,14.8
2736323,145.2,72.6
2736324,97.1,51.5
2736325,42.6,22.6
2736326,0.0,5.8
2736327,0.0,10.0
2736328,26.9,13.9
2736329,0.0,19.9
2736331,0.0,23.8
2736332,0.0,23.8
2736333,0.0,23.8
2736334,0.0,23.8
2736335,0.0,23.8
2736336,24.9,12.7
2736337,26.3,13.15
2736338,26.9,13.55
2736339,24.9,12.7
2736340,24.9,12.7
2736341,22.9,12.2
2736342,22.9,12.2
2736344,0.0,9.0
2736345,0.0,0.6
2736346,0.0,0.6
2736347,21.3,11.3
2736348,0.0,52.3
2736349,0.0,52.3
2736350,0.0,52.3
2736351,0.0,52.3
2736352,64.3,34.1
2736353,64.3,34.1
2736354,64.3,34.1
2736355,64.3,34.1
2736356,64.3,34.1
2736357,64.3,34.1
2736358,21.3,11.3
2736359,0.0,56.6
2736360,0.0,52.3
2736361,0.0,52.3
2736362,0.0,52.3
2736363,0.0,52.3
2736364,0.0,52.3
2736365,0.0,21.4
2736366,0.0,43.1
2736367,0.0,0.6
2736368,74.6,36.5
2736369,72.5,36.5
2736370,30.5,16.2
2736371,36.3,18.3
2736372,51.5,26.0
2736373,21.3,11.3
2736374,21.3,11.3
2736375,0.0,20.2
2736376,46.2,24.6
2736377,81.2,43.1
2736378,69.9,37.1
2736379,0.0,19.7
2736380,0.0,34.8
2736381,0.0,17.8
2736382,0.0,20.9
2736383,30.5,16.2
2736384,93.5,49.6
2736385,93.5,49.6
2736386,93.5,49.6
2736387,41.0,21.8
2736388,51.5,27.3
2736389,49.0,24.5
2736390,54.0,27.0
2736391,69.0,34.5
2736392,94.0,47.0
2736394,109.9,54.95
2736395,59.9,29.95
2736396,0.0,27.9
2736397,0.0,0.7
2736398,99.9,49.95
2736399,0.0,27.9
2736400,99.9,53.9
2736401,54.9,29.65
2736402,93.9,50.7
2736403,0.0,15.3
2736404,11.9,6.3
2736405,17.8,9.5
2736406,0.0,16.1
2736407,0.0,18.9
2736408,0.0,30.0
2736409,76.1,40.4
2736410,76.1,40.4
2736411,45.2,24.0
2736412,0.0,11.1
2736413,0.0,1090.0
2736414,0.0,50.0
2736415,0.0,47.5
2736416,0.0,20.8
2736417,0.0,5.5
2736418,0.0,1875.0
2736419,0.0,52.3
2736420,0.0,52.3
2736421,0.0,52.3
2736422,0.0,52.3
2736423,0.0,52.3
2736424,0.0,43.5
2736425,0.0,52.3
2736426,0.0,52.3
2736427,0.0,490.0
2736428,10.5,5.6
2736429,29.9,14.95
2736430,29.9,14.95
2736431,26.3,14.0
2736432,39.9,19.95
2736433,39.9,19.95
2736434,35.0,18.6
2736435,31.0,16.5
2736436,10.9,5.9
2736437,59.9,30.85
2736438,40.9,21.9
2736439,0.0,33.4
2736440,0.0,17.6
2736441,0.0,0.6
2736442,0.0,0.6
2736443,72.5,38.9
2736444,67.4,35.7
2736445,108.9,57.8
2736446,35.8,19.0
2736447,45.7,22.85
2736448,37.3,18.65
2736449,34.7,18.4
2736450,39.6,21.0
2736451,24.7,13.1
2736452,32.1,13.64
2736453,32.3,16.15
2736454,0.0,12.8
2736455,0.0,13.3
2736456,0.0,15.4
2736457,0.0,24.9
2736458,0.0,13.2
2736459,9.9,5.3
2736460,38.0,19.0
2736461,25.8,13.7
2736462,0.0,0.6
2736463,0.0,0.6
2736464,25.5,13.5
2736465,25.5,13.5
2736466,25.5,13.5
2736467,27.5,13.8
2736468,29.5,14.8
2736469,29.5,14.8
2736470,35.9,18.0
2736471,34.9,17.5
2736472,25.9,13.0
2736473,25.5,13.5
2736474,25.5,13.5
2736475,25.5,13.5
2736476,25.5,13.5
2736477,25.5,13.5
2736478,25.5,13.5
2736479,43.1,22.9
2736480,37.6,20.0
2736481,40.9,21.7
2736482,10.0,5.3
2736483,10.0,5.3
2736484,10.0,5.3
2736485,10.0,5.3
2736486,35.7,18.1
2736487,35.7,18.1
2736488,35.7,18.1
2736489,35.7,18.1
2736490,10.0,5.3
2736491,10.0,5.3
2736492,10.0,5.3
2736493,10.0,5.3
2736494,0.0,0.6
2736495,53.9,28.6
2736496,60.1,30.05
2736497,62.1,31.05
2736498,43.0,22.8
2736499,0.0,68.1
2736500,0.0,68.1
2736501,0.0,68.1
2736502,0.0,68.1
2736503,0.0,68.1
2736504,0.0,27.3
2736505,0.0,27.3
2736506,0.0,27.3
2736507,0.0,27.3
2736508,0.0,27.3
2736509,11.8,6.3
2736510,11.8,6.3
2736511,11.8,6.3
2736512,11.8,6.3
2736513,11.8,6.3
2736514,11.8,6.3
2736515,0.0,35.9
2736516,0.0,9.9
2736517,0.0,9.9
2736518,0.0,9.9
2736519,0.0,16.2
2736520,21.6,10.8
2736521,21.6,10.8
2736522,21.6,10.8
2736523,17.9,9.15
2736524,0.0,51.5
2736525,57.8,30.0
2736526,57.8,30.0
2736527,62.0,31.0
2736528,47.3,25.1
2736529,0.0,56.6
2736530,0.0,16.9
2736531,0.0,20.5
2736532,0.0,27.3
2736533,0.0,27.3
2736534,0.0,86.7
2736535,0.0,84.3
2736536,0.0,144.5
2736537,0.0,2.0
2736538,0.0,15.1
2736539,0.0,10.4
2736540,0.0,10.4
2736541,50.4,26.8
2736542,49.9,26.5
2736543,34.7,18.4
2736544,34.7,18.4
2736545,50.4,26.8
2736546,47.3,25.1
2736547,20.5,10.9
2736548,20.5,10.9
2736549,24.9,12.85
2736550,0.0,0.6
2736551,0.0,0.6
2736552,0.0,31.9
2736553,0.0,31.9
2736554,128.6,64.3
2736555,121.3,60.65
2736556,55.5,29.4
2736557,0.0,20.5
2736558,97.9,51.9
2736559,62.0,32.9
2736560,72.5,38.5
2736561,0.0,0.6
2736562,0.0,20.5
2736563,0.0,16.8
2736564,7.9,4.2
2736565,53.5,28.4
2736566,42.6,22.6
2736567,0.0,17.8
2736568,16.3,8.7
2736569,32.2,17.1
2736570,32.2,17.1
2736571,32.2,17.1
2736572,32.2,17.1
2736573,40.4,20.2
2736574,0.0,0.6
2736575,43.6,21.8
2736576,37.6,20.0
2736577,0.0,15.9
2736578,12.9,6.45
2736579,0.0,15.3
2736580,0.0,17.8
2736581,0.0,17.8
2736582,0.0,20.8
2736583,0.0,15.8
2736584,0.0,20.8
2736585,0.0,13.0
2736586,32.0,16.0
2736587,23.9,12.8
2736588,17.4,9.2
2736589,23.9,12.8
2736590,0.0,14.2
2736591,77.4,38.7
2736592,80.3,42.6
2736593,0.0,0.6
2736594,88.6,44.3
2736595,48.5,24.25
2736596,0.0,23.9
2736597,16.4,8.7
2736598,53.5,28.4
2736599,0.0,10.9
2736600,0.0,20.8
2736601,0.0,46.2
2736602,0.0,46.2
2736603,0.0,46.2
2736604,0.0,46.2
2736605,0.0,46.2
2736606,0.0,46.2
2736607,0.0,46.2
2736608,0.0,46.2
2736609,0.0,0.6
2736610,26.7,14.2
2736611,26.7,14.2
2736612,0.0,20.9
2736613,0.0,42.1
2736614,50.1,26.6
2736615,54.5,28.9
2736616,76.7,40.7
2736617,61.6,32.7
2736618,41.3,21.9
2736619,79.3,39.65
2736620,0.0,31.5
2736621,0.0,23.5
2736622,0.0,55.0
2736623,0.0,19.3
2736624,61.1,32.4
2736625,0.0,0.6
2736626,0.0,24.4
2736627,48.6,25.8
2736628,21.3,11.3
2748013,0.0,28.84
2748014,0.0,10.25
2748015,0.0,32.34
2748016,0.0,56.87
2748017,0.0,14.28
2748018,0.0,12.88
2748019,0.0,15.31
2748020,0.0,6.17
2748021,0.0,5.15
2748022,0.0,4.85
2748023,0.0,5.37
2748024,0.0,8.51
2748025,0.0,6.65
2748026,0.0,7.03
2748027,0.0,17.01
2748028,0.0,3.23
2748029,0.0,11.33
2748030,0.0,7.83
2748031,0.0,10.25
2748032,0.0,36.7
2748033,0.0,36.7
2748034,0.0,36.7
2748035,0.0,14.5
2748036,0.0,14.5
2748037,0.0,14.95
2748038,0.0,34.6
2748039,0.0,98.0
2748040,0.0,34.6
2748041,0.0,98.0
2748042,0.0,14.3
2748043,0.0,20.95
2748044,0.0,20.95
2748045,0.0,20.95
2748046,0.0,24.95
2748047,0.0,70.95
2748048,0.0,24.95
2748049,0.0,70.95
2748050,0.0,24.95
2748051,0.0,6.95
2748052,0.0,34.6
2748053,0.0,98.0
2748054,0.0,54.95
2748055,0.0,13.34
2748056,0.0,21.58
2748057,0.0,99.95
2748058,0.0,7.88
2748059,0.0,7.16
2748060,0.0,18.85
2748061,0.0,41.95
2748062,0.0,115.45
2748063,0.0,24.1
2748064,0.0,20.95
2748065,0.0,18.85
2748066,0.0,18.85
2748067,0.0,12.95
2748068,0.0,12.95
2748069,0.0,12.95
2748070,0.0,10.95
2748071,0.0,18.85
2748072,0.0,15.95
2748073,0.0,15.95
2748074,0.0,15.95
2748075,0.0,9.95
2748076,0.0,4.95
2748077,0.0,20.55
2748078,0.0,20.55
2748079,0.0,64.95
2748080,0.0,64.95
2748081,0.0,64.95
2748082,0.0,64.95
2748083,0.0,7.3
2748084,0.0,19.95
2748085,0.0,31.45
2748086,0.0,31.45
2748087,0.0,31.45
2748088,0.0,31.45
2748089,0.0,34.6
2748090,0.0,98.0
2748091,0.0,34.6
2748092,0.0,98.0
2748093,0.0,34.6
2748094,0.0,98.0
2748095,0.0,34.6
2748096,0.0,98.0
2748097,0.0,14.3
2748098,0.0,19.95
2748099,0.0,10.76
2748100,0.0,9.95
2748101,0.0,9.95
2748102,0.0,9.95
2748103,0.0,9.95
2748104,0.0,9.95
2748105,0.0,24.95
2748106,0.0,70.95
2748107,0.0,24.95
2748108,0.0,70.95
2748109,0.0,24.95
2748110,0.0,70.95
2748111,0.0,24.95
2748112,0.0,70.95
2748113,0.0,24.95
2748114,0.0,70.95
2748115,0.0,24.95
2748116,0.0,70.95
2748117,0.0,24.95
2748118,0.0,70.95
2748119,0.0,24.95
2748120,0.0,70.95
2748121,0.0,24.95
2748122,0.0,70.95
2748123,0.0,24.95
2748124,0.0,70.95
2748125,0.0,10.25
2748126,0.0,14.95
2748127,0.0,14.95
2748128,0.0,14.95
2748129,0.0,14.95
2748130,0.0,14.95
2748131,0.0,14.95
2748132,0.0,14.95
2748133,0.0,14.95
2748134,0.0,14.95
2748135,0.0,14.95
2748136,0.0,14.95
2748137,0.0,14.95
2748138,0.0,14.95
2748139,0.0,14.95
2748140,0.0,14.95
2748141,0.0,14.95
2748142,0.0,14.95
2748143,0.0,14.95
2748144,0.0,14.95
2748145,0.0,14.95
2748146,0.0,14.95
2748147,0.0,14.95
2748148,0.0,14.95
2748149,0.0,14.95
2748150,0.0,14.95
2748151,0.0,14.95
2748152,0.0,14.95
2748153,0.0,14.95
2748154,0.0,14.95
2748155,0.0,14.95
2748156,0.0,14.95
2748157,0.0,14.95
2748158,0.0,14.95
2748159,0.0,14.95
2748160,0.0,14.95
2748161,0.0,14.95
2748162,0.0,14.95
2748163,0.0,14.95
2748164,0.0,14.95
2748165,0.0,14.95
2748166,0.0,14.95
2748167,0.0,14.95
2748168,0.0,14.95
2748169,0.0,14.95
2748170,0.0,14.95
2748171,0.0,14.95
2748172,0.0,14.95
2748173,0.0,14.95
2748174,0.0,14.95
2748175,0.0,14.95
2748176,0.0,14.95
2748177,0.0,14.95
2748178,0.0,14.95
2748179,0.0,14.95
2748180,0.0,14.95
2748181,0.0,14.95
2748182,0.0,14.95
2748183,0.0,14.95
2748184,0.0,14.95
2748185,0.0,14.95
2748186,0.0,14.95
2748187,0.0,14.95
2748188,0.0,14.95
2748189,0.0,14.95
2748190,0.0,14.95
2748191,0.0,14.95
2748192,0.0,14.95
2748193,0.0,14.95
2748194,0.0,14.95
2748195,0.0,14.95
2748196,0.0,14.95
2748197,0.0,14.95
2748198,0.0,14.95
2748199,0.0,14.95
2748200,0.0,14.95
2748201,0.0,14.95
2748202,0.0,14.95
2748203,0.0,14.95
2748204,0.0,14.95
2748205,0.0,14.95
2748206,0.0,18.87
2748207,0.0,9.39
2748208,0.0,24.7
2748209,0.0,10.25
2748210,0.0,164.75
2748211,0.0,36.7
2748212,0.0,11.85
2748213,0.0,54.03
2748214,0.0,2.8
2748215,0.0,2.8
2748216,0.0,2.8
2748217,0.0,6.8
2748218,0.0,6.95
2748219,0.0,3.23
2748220,0.0,3.67
2748221,0.0,3.23
2748222,8.17,4.12
2748223,0.0,8.5
2748224,0.0,8.5
2748225,0.0,8.5
2748226,0.0,8.5
2748227,0.0,8.5
2748228,0.0,8.5
2748229,0.0,8.5
2748230,0.0,8.5
2748231,0.0,8.5
2748232,0.0,8.5
2748233,0.0,18.49
2748234,0.0,7.52
2748235,0.0,7.52
2748236,0.0,7.52
2748237,0.0,7.52
2748238,0.0,7.16
2748239,0.0,7.16
2748240,0.0,7.16
2748241,0.0,8.95
2748242,0.0,1.95
2748243,0.0,3.88
2748244,0.0,7.34
2748245,0.0,30.78
2748246,0.0,306.94
2748247,0.0,242.05
2748248,0.0,242.05
2748249,0.0,39.6
2748250,0.0,39.6
2748251,0.0,1.39
2748252,0.0,0.82
2748253,0.0,6.13
2748254,0.0,7.16
2748255,0.0,7.73
2748256,0.0,13.39
2748257,0.0,8.19
2748258,0.0,43.21
2748259,0.0,1535.0
2748260,0.0,850.0
2748261,0.0,760.0
2748262,0.0,1980.0
2748263,0.0,8.19
2748264,0.0,0.9
2748265,0.0,5.1
2748266,0.0,9.95
2748267,0.0,9.22
2748268,0.0,5.1
2748269,0.0,5.1
2748270,0.0,7.16
2748271,0.0,10.25
2748272,0.0,6.13
2748273,0.0,8.81
2748274,0.0,10.76
2748275,0.0,5.1
2748276,0.0,5.1
2748277,0.0,1.29
2748278,0.0,14.9
2748279,0.0,25.85
2748280,0.0,1.49
2748281,0.0,8.19
2748282,0.0,16.43
2748283,0.0,25.65
2748284,0.0,25.65
2748285,0.0,10.61
2748286,0.0,7.73
2748287,0.0,12.31
2748288,0.0,12.31
2748289,0.0,12.31
2748290,0.0,12.31
2748291,0.0,8.03
2748292,0.0,14.95
2748293,0.0,14.95
2748294,0.0,14.95
2748295,0.0,1.39
2748296,0.0,50.47
2748297,0.0,1.29
2748298,0.0,99.0
2748299,0.0,39.95
2748300,0.0,79.95
2748301,0.0,79.95
2748302,40.75,20.55
2748303,0.0,41.15
2748304,0.0,2775.0
2748305,0.0,2140.0
2748306,0.0,4265.0
2748307,0.0,515.0
2748308,0.0,149.0
2748309,0.0,1950.0
2748310,0.0,1785.0
2748311,0.0,185.0
2748312,0.0,165.0
2748313,0.0,165.0
2748314,0.0,10.5
2748315,0.0,8.5
2748316,0.0,185.0
2748317,0.0,179.0
2748318,0.0,1310.0
2748319,0.0,465.0
2748320,0.0,1750.0
2748321,0.0,22.5
2748322,0.0,22.5
2748323,0.0,22.5
2748324,0.0,4.7
2748325,0.0,22.5
2748326,0.0,24.95
2748327,0.0,19.95
2748328,0.0,34.95
2748329,0.0,34.95
2748330,0.0,5.1
2748331,0.0,11.5
2748332,0.0,11.5
2748333,0.0,11.5
2748334,0.0,11.5
2748335,0.0,11.5
2748336,0.0,11.5
2748337,0.0,11.5
2748338,0.0,11.5
2748339,0.0,11.5
2748340,0.0,11.5
2748341,0.0,11.5
2748342,0.0,11.5
2748343,0.0,11.5
2748344,0.0,11.5
2748345,0.0,11.5
2748346,0.0,11.5
2748347,0.0,11.5
2748348,0.0,11.5
2748349,0.0,11.5
2748350,0.0,11.5
2748351,0.0,11.5
2748352,0.0,11.5
2748353,0.0,11.5
2748354,0.0,11.5
2748355,0.0,24.95
2748356,0.0,24.95
2748357,0.0,24.95
2748358,0.0,29.95
2748359,0.0,19.95
2748360,0.0,19.95
2748361,0.0,29.95
2748362,0.0,29.95
2748363,0.0,31.45
2748364,0.0,31.45
2748365,0.0,89.2
2748366,0.0,31.45
2748367,0.0,89.2
2748368,0.0,31.45
2748369,0.0,89.2
2748370,0.0,12.95
2748371,0.0,12.95
2748372,0.0,12.95
2748373,0.0,12.95
2748374,0.0,12.95
2748375,0.0,12.95
2748376,0.0,17.5
2748377,0.0,17.5
2748378,0.0,17.5
2748379,0.0,17.5
2748380,0.0,17.5
2748381,0.0,17.5
2748382,0.0,17.5
2748383,0.0,17.5
2748384,0.0,17.5
2748385,0.0,17.5
2748386,0.0,17.5
2748387,0.0,17.5
2748388,0.0,17.5
2748389,0.0,17.5
2748390,0.0,17.5
2748391,0.0,17.5
2748392,0.0,17.5
2748393,0.0,17.5
2748394,0.0,17.5
2748395,0.0,17.5
2748396,0.0,17.5
2748397,0.0,17.5
2748398,0.0,17.5
2748399,0.0,17.5
2748400,0.0,17.5
2748401,0.0,17.5
2748402,0.0,17.5
2748403,0.0,17.5
2748404,0.0,17.5
2748405,0.0,17.5
2748406,0.0,17.5
2748407,0.0,17.5
2748408,0.0,17.5
2748409,0.0,17.5
2748410,0.0,17.5
2748411,0.0,17.5
2748412,0.0,17.5
2748413,0.0,17.5
2748414,0.0,17.5
2748415,0.0,17.5
2748416,0.0,17.5
2748417,0.0,17.5
2748418,0.0,17.5
2748419,0.0,17.5
2748420,0.0,17.5
2748421,0.0,17.5
2748422,0.0,17.5
2748423,0.0,17.5
2748424,0.0,17.5
2748425,0.0,17.5
2748426,0.0,17.5
2748427,0.0,17.5
2748428,0.0,17.5
2748429,0.0,17.5
2748430,0.0,17.5
2748431,0.0,17.5
2748432,0.0,17.5
2748433,0.0,17.5
2748434,0.0,17.5
2748435,0.0,17.5
2748436,0.0,17.5
2748437,0.0,17.5
2748438,0.0,17.5
2748439,0.0,17.5
2748440,0.0,17.5
2748441,0.0,17.5
2748442,0.0,17.5
2748443,0.0,17.5
2748444,0.0,17.5
2748445,0.0,17.5
2748446,0.0,17.5
2748447,0.0,17.5
2748448,0.0,17.5
2748449,0.0,17.5
2748450,0.0,17.5
2748451,0.0,17.5
2748452,0.0,20.55
2748453,0.0,10.25
2748454,0.0,3.8
2748455,0.0,10.25
2748456,0.0,17.5
2748457,0.0,17.5
2748458,0.0,17.5
2748459,0.0,17.5
2748460,0.0,18.9
2748461,0.0,18.9
2748462,0.0,18.9
2748463,0.0,18.9
2748464,0.0,17.5
2748465,0.0,17.5
2748466,0.0,17.5
2748467,0.0,17.5
2748468,0.0,17.5
2748469,0.0,17.5
2748470,0.0,10.25
2748471,0.0,9.95
2748472,0.0,9.95
2748473,0.0,9.95
2748474,0.0,9.95
2748475,0.0,9.95
2748476,0.0,9.95
2748477,0.0,9.95
2748478,0.0,9.95
2748479,0.0,9.95
2748480,0.0,9.95
2748481,0.0,9.95
2748482,0.0,9.95
2748483,0.0,9.95
2748484,0.0,9.95
2748485,0.0,9.95
2748486,0.0,9.95
2748487,0.0,9.95
2748488,0.0,9.95
2748489,0.0,9.95
2748490,0.0,9.95
2748491,0.0,9.95
2748492,0.0,9.95
2748493,0.0,9.95
2748494,0.0,9.95
2748495,0.0,9.95
2748496,0.0,9.95
2748497,0.0,9.95
2748498,0.0,9.95
2748499,0.0,9.95
2748500,0.0,9.95
2748501,0.0,9.95
2748502,0.0,9.95
2748503,0.0,9.95
2748504,0.0,9.95
2748505,0.0,9.95
2748506,0.0,9.95
2748507,0.0,9.95
2748508,0.0,9.95
2748509,0.0,9.95
2748510,0.0,9.95
2748511,0.0,11.5
2748512,0.0,11.5
2748513,0.0,11.5
2748514,0.0,11.5
2748515,9.95,5.02
2748516,9.95,5.02
2748517,9.95,5.02
2748518,9.95,5.02
2748519,9.95,5.02
2748520,9.95,5.02
2748521,9.95,5.02
2748522,9.95,5.02
2748523,9.95,5.02
2748524,9.95,5.02
2748525,9.95,5.02
2748526,9.95,5.02
2748527,9.95,5.02
2748528,9.95,5.02
2748529,9.95,5.02
2748530,9.95,5.02
2748531,9.95,5.02
2748532,9.95,5.02
2748533,9.95,5.02
2748534,9.95,5.02
2748535,9.95,5.02
2748536,9.95,5.02
2748537,9.95,5.02
2748538,9.95,5.02
2748539,9.95,5.02
2748540,9.95,5.02
2748541,9.95,5.02
2748542,9.95,5.02
2748543,9.95,5.02
2748544,9.95,5.02
2748545,9.95,5.02
2748546,9.95,5.02
2748547,9.95,5.02
2748548,9.95,5.02
2748549,9.95,5.02
2748550,9.95,5.02
2748551,9.95,5.02
2748552,9.95,5.02
2748553,9.95,5.02
2748554,9.95,5.02
2748555,0.0,5.67
2748556,0.0,5.1
2748557,0.0,265.0
2748558,0.0,5.15
2748559,9.95,5.02
2748560,9.95,5.02
2748561,20.95,10.56
2748562,15.5,7.82
2748563,17.5,8.83
2748564,39.95,20.15
2748565,15.95,8.04
2748566,24.95,12.58
2748567,13.5,6.81
2748568,15.95,8.04
2748569,7.95,4.01
2748570,0.0,9.63
2748571,0.0,7.25
2748572,0.0,7.93
2748573,0.0,18.68
2748574,0.0,7.25
2748575,0.0,11.66
2748576,0.0,6.06
2748577,0.0,7.25
2748578,0.0,3.61
2748579,0.0,37.33
2748580,0.0,39.26
2748581,0.0,23.25
2748582,0.0,39.26
2748583,0.0,58.31
2748584,0.0,17.76
2748585,0.0,39.26
2748586,0.0,52.43
2748587,0.0,14.95
2748588,0.0,3.04
2748589,0.0,3.04
2748590,0.0,49.95
2748591,0.0,19.95
2748592,0.0,14.95
2748593,0.0,14.07
2748594,0.0,13.04
2748595,0.0,13.04
2748596,13.34,6.73
2748597,0.0,6.06
2748598,0.0,15.67
2748599,0.0,30.85
2748600,0.0,5.1
2748601,0.0,1.57
2748602,0.0,2.95
2748603,0.0,2.95
2748604,0.0,5.1
2748605,15.4,7.77
2748606,0.0,6.99
2748607,16.5,8.32
2748608,9.95,5.02
2748609,20.5,10.34
2748610,20.5,10.34
2748611,12.5,6.3
2748612,12.95,6.53
2748613,20.5,10.34
2748614,20.5,10.34
2748615,15.5,7.82
2748616,15.55,7.82
2748617,9.95,5.02
2748618,9.95,5.02
2748619,15.5,7.82
2748620,13.34,6.73
2748621,0.0,7.95
2748622,7.95,4.01
2748623,8.95,4.51
2748624,8.95,4.51
2748625,15.5,7.54
2748626,0.0,7.46
2748627,0.0,5.12
2748628,0.0,9.32
2748629,0.0,9.32
2748630,0.0,5.59
2748631,0.0,9.32
2748632,0.0,9.32
2748633,0.0,6.99
2748634,0.0,6.99
2748635,0.0,6.99
2748636,0.0,6.06
2748637,0.0,3.61
2748638,0.0,4.06
2748639,0.0,4.06
2748640,0.0,6.79
2748641,0.0,24.84
2748642,0.0,16.58
2748643,0.0,16.58
2748644,0.0,46.59
2748645,0.0,46.63
2748646,0.0,25.7
2748647,0.0,30.85
2748648,0.0,15.4
2748649,0.0,42.18
2748650,0.0,42.18
2748651,0.0,22.61
2748652,0.0,11.28
2748653,0.0,11.28
2748654,0.0,13.06
2748655,0.0,13.54
2748656,0.0,12.51
2748657,0.0,5.1
2748658,0.0,30.85
2748659,0.0,5.1
2748660,147.79,74.53
2748661,0.0,20.55
2748662,0.0,1.55
2748663,0.0,5.1
2748664,5.2,2.62
2748665,12.95,6.53
2748666,6.2,3.09
2748667,15.95,8.04
2748668,15.95,8.04
2748669,10.95,5.52
2748670,15.95,8.04
2748671,15.95,8.04
2748672,10.95,5.52
2748673,10.83,5.46
2748674,16.5,8.32
2748675,15.95,8.04
2748676,20.95,10.56
2748677,20.95,10.56
2748678,15.95,8.04
2748679,6.95,3.5
2748680,20.95,10.56
2748681,20.95,10.56
2748682,5.95,3.0
2748683,13.95,7.03
2748684,0.0,2.32
2748685,0.0,5.84
2748686,0.0,2.78
2748687,0.0,7.46
2748688,0.0,7.46
2748689,0.0,5.12
2748690,0.0,7.46
2748691,0.0,7.46
2748692,0.0,4.91
2748693,0.0,4.91
2748694,0.0,7.34
2748695,0.0,7.46
2748696,0.0,9.59
2748697,0.0,9.59
2748698,0.0,7.46
2748699,0.0,3.24
2748700,0.0,9.59
2748701,0.0,9.59
2748702,0.0,2.78
2748703,0.0,6.31
2748704,0.0,17.04
2748705,0.0,17.04
2748706,0.0,13.25
2748707,0.0,17.04
2748708,0.0,17.04
2748709,0.0,26.27
2748710,0.0,14.07
2748711,0.0,14.07
2748712,11.27,5.52
2748713,0.0,5.12
2748714,15.99,8.04
2748715,0.0,7.46
2748716,0.0,30.85
2748717,0.0,5.1
2748718,0.0,4.27
2748719,0.0,6.44
2748720,0.0,12.94
2748721,0.0,10.76
2748722,0.0,16.17
2748723,0.0,10.76
2748724,0.0,10.76
2748725,0.0,16.48
2748726,0.0,5.1
2748727,0.0,5.36
2748728,0.0,1.49
2748729,0.0,5.4
2748730,0.0,29.91
2748731,12.32,6.21
2748732,0.0,71.59
2748733,0.0,8.95
2748734,0.0,4.12
2748735,0.0,3.09
2748736,0.0,10.25
2748737,0.0,10.25
2748738,0.0,10.25
2748739,0.0,13.34
2748740,0.0,10.76
2748741,0.0,18.65
2748742,0.0,32.96
2748743,0.0,20.5
2748744,0.0,13.49
2748745,0.0,16.43
2748746,0.0,15.35
2748747,0.0,14.63
2748748,0.0,4.9
2748749,0.0,10.7
2748750,0.0,13.5
2748751,0.0,13.5
2748752,0.0,13.5
2748753,0.0,15.7
2748754,0.0,15.7
2748755,0.0,15.7
2748756,0.0,5.95
2748757,0.0,7.4
2748758,0.0,5.3
2748759,0.0,21.5
2748760,0.0,8.5
2748761,0.0,21.5
2748762,0.0,10.7
2748763,0.0,15.7
2748764,0.0,13.5
2748765,0.0,13.5
2748766,0.0,15.7
2748767,0.0,21.5
2748768,0.0,20.5
2748769,0.0,20.5
2748770,0.0,20.5
2748771,0.0,27.76
2748772,0.0,8.5
2748773,16.42,8.28
2748774,0.0,2.73
2748775,0.0,3.86
2748776,0.0,20.5
2748777,0.0,20.5
2748778,0.0,20.5
2748779,0.0,25.85
2748780,0.0,25.85
2748781,0.0,25.85
2748782,0.0,2.16
2748783,0.0,2.06
2748784,0.0,2.06
2748785,0.0,2.06
2748786,0.0,20.5
2748787,0.0,25.85
2748788,0.0,25.85
2748789,0.0,20.5
2748790,0.0,39.9
2748791,0.0,39.9
2748792,0.0,7.57
2748793,0.0,8.19
2748794,0.0,5.36
2748795,0.0,15.95
2748796,0.0,12.95
2748797,0.0,10.25
2748798,0.0,6.44
2748799,0.0,10.76
2748800,0.0,48.64
2748801,9.95,4.07
2748802,0.0,7.07
2748803,0.0,112.17
2748804,0.0,10.76
2748805,13.6,6.85
2748806,0.0,267.8
2748807,0.0,1545.0
2748808,0.0,102.95
2748809,0.0,10.76
2748810,0.0,32.39
2748811,0.0,32.39
2748812,0.0,21.58
2748813,0.0,21.58
2748814,0.0,16.17
2748815,0.0,16.17
2748816,0.0,21.58
2748817,0.0,5.4
2748818,0.0,40.02
2748819,0.0,36.77
2748820,0.0,36.77
2748821,0.0,21.96
2748822,0.0,113.3
2748823,0.0,26.78
2748824,0.0,359.47
2748825,0.0,4.27
2748826,0.0,20.0
2748827,0.0,10.4
2748828,0.0,10.15
2748829,0.0,29.87
2748830,0.0,29.87
2748831,0.0,29.87
2748832,0.0,23.81
2748833,0.0,28.5
2748834,0.0,15.35
2748835,0.0,43.78
2748836,0.0,29.36
2748837,0.0,19.06
2748838,0.0,17.0
2748839,0.0,24.21
2748840,0.0,122.57
2748841,0.0,2223.77
2748842,0.0,612.85
2748843,0.0,229.0
2748844,0.0,199.0
2748845,0.0,199.0
2748846,0.0,119.0
2748847,0.0,69.95
2748848,0.0,255.0
2748849,0.0,129.0
2748850,0.0,37.8
2748851,0.0,37.8
2748852,0.0,8.6
2748853,0.0,8.6
2748854,0.0,8.6
2748855,0.0,8.6
2748856,0.0,8.6
2748857,0.0,8.6
2748858,0.0,8.6
2748859,0.0,8.6
2748860,0.0,8.6
2748861,0.0,8.6
2748862,0.0,8.35
2748863,0.0,8.6
2748864,0.0,8.6
2748865,0.0,8.6
2748866,0.0,8.6
2748867,0.0,8.6
2748868,0.0,8.6
2748869,0.0,8.6
2748870,0.0,8.6
2748871,0.0,8.6
2748872,0.0,8.6
2748873,0.0,8.6
2748874,0.0,8.6
2748875,0.0,8.6
2748876,0.0,8.6
2748877,0.0,8.6
2748878,0.0,8.6
2748879,0.0,8.6
2748880,0.0,8.6
2748881,0.0,8.6
2748882,0.0,8.6
2748883,0.0,8.6
2748884,0.0,8.6
2748885,0.0,8.6
2748886,0.0,8.6
2748887,0.0,8.6
2748888,0.0,8.6
2748889,0.0,8.6
2748890,0.0,8.6
2748891,0.0,8.6
2748892,0.0,8.6
2748893,0.0,37.8
2748894,0.0,13.91
2748895,18.95,9.56
2748896,18.95,9.56
2748897,18.95,9.56
2748898,18.95,9.56
2748899,18.95,9.56
2748900,18.95,9.56
2748901,18.95,9.56
2748902,18.95,9.56
2748903,18.95,9.56
2748904,18.95,9.56
2748905,18.95,9.56
2748906,18.95,9.56
2748907,18.95,9.56
2748908,18.95,9.56
2748909,18.95,9.56
2748910,18.95,9.56
2748911,18.95,9.56
2748912,18.95,9.56
2748913,18.95,9.56
2748914,18.95,9.56
2748915,18.95,9.56
2748916,18.95,9.56
2748917,18.95,9.56
2748918,18.95,9.56
2748919,18.95,9.56
2748920,18.95,9.56
2748921,18.95,9.56
2748922,18.95,9.56
2748923,18.95,9.56
2748924,18.95,9.56
2748925,18.95,9.56
2748926,18.95,9.56
2748927,18.95,9.56
2748928,18.95,9.56
2748929,18.95,9.56
2748930,18.95,9.56
2748931,18.95,9.56
2748932,18.95,9.56
2748933,18.95,9.56
2748934,18.95,9.56
2748935,18.95,9.56
2748936,18.95,9.56
2748937,18.95,9.56
2748938,18.95,9.56
2748939,18.95,9.56
2748940,18.95,9.56
2748941,18.95,9.56
2748942,18.95,9.56
2748943,18.95,9.56
2748944,18.95,9.56
2748945,18.95,9.56
2748946,18.95,9.56
2748947,18.95,9.56
2748948,18.95,9.56
2748949,18.95,9.56
2748950,18.95,9.56
2748951,18.95,9.56
2748952,18.95,9.56
2748953,18.95,9.56
2748954,18.95,9.56
2748955,18.95,9.56
2748956,18.95,9.56
2748957,18.95,9.56
2748958,18.95,9.56
2748959,18.95,9.56
2748960,18.95,9.56
2748961,18.95,9.56
2748962,18.95,9.56
2748963,18.95,9.56
2748964,18.95,9.56
2748965,18.95,9.56
2748966,18.95,9.56
2748967,18.95,9.56
2748968,18.95,9.56
2748969,18.95,9.56
2748970,18.95,9.56
2748971,18.95,9.56
2748972,18.95,9.56
2748973,18.95,9.56
2748974,18.95,9.56
2748975,18.95,9.56
2748976,18.95,9.56
2748977,18.95,9.56
2748978,19.95,10.06
2748979,89.95,45.36
2748980,9.5,4.81
2748981,7.95,4.01
2748982,10.5,5.3
2748983,4.36,2.2
2748984,0.0,2.55
2748985,7.95,4.01
2748986,21.34,10.76
2748987,13.6,6.86
2748988,7.14,3.6
2748989,9.95,5.02
2748990,10.25,5.17
2748991,18.95,9.56
2748992,18.95,9.56
2748993,99.95,50.4
2748994,79.95,44.29
2748995,99.95,55.37
2748996,53.1,26.78
2748997,102.94,51.91
2748998,0.0,15.4
2748999,0.0,12.98
2749000,0.0,180.0
2749001,0.0,80.13
2749002,0.0,46.5
2749003,0.0,59.95
2749004,0.0,715.0
2749005,0.0,20.5
2749006,0.0,103.0
2749007,0.0,9.39
2749008,0.0,8.6
2749009,0.0,8.6
2749010,0.0,8.6
2749011,0.0,8.6
2749012,0.0,8.6
2749013,0.0,8.6
2749014,0.0,8.6
2749015,0.0,8.6
2749016,0.0,8.6
2749017,0.0,8.6
2749018,5.5,2.77
2749019,5.5,2.77
2749020,5.5,2.77
2749021,5.5,2.77
2749022,5.5,2.77
2749023,5.5,2.77
2749024,5.5,2.77
2749025,5.5,2.77
2749026,5.5,2.77
2749027,5.5,2.77
2749028,5.5,2.77
2749029,5.5,2.77
2749030,5.5,2.77
2749031,5.5,2.77
2749032,5.5,2.77
2749033,5.5,2.77
2749034,5.5,2.77
2749035,5.5,2.77
2749036,5.5,2.77
2749037,5.5,2.77
2749038,5.5,2.77
2749039,5.5,2.77
2749040,5.5,2.77
2749041,5.5,2.77
2749042,5.5,2.77
2749043,5.5,2.77
2749044,5.5,2.77
2749045,5.5,2.77
2749046,5.5,2.77
2749047,5.5,2.77
2749048,5.5,2.77
2749049,5.5,2.77
2749050,5.5,2.77
2749051,5.5,2.77
2749052,5.5,2.77
2749053,5.5,2.77
2749054,5.5,2.77
2749055,5.5,2.77
2749056,5.5,2.77
2749057,5.5,2.77
2749058,5.5,2.77
2749059,5.5,2.77
2749060,5.5,2.77
2749061,5.5,2.77
2749062,5.5,2.77
2749063,5.5,2.77
2749064,5.5,2.77
2749065,5.5,2.77
2749066,5.5,2.77
2749067,5.5,2.77
2749068,5.5,2.77
2749069,5.5,2.77
2749070,5.5,2.77
2749071,5.5,2.77
2749072,5.5,2.77
2749073,5.5,2.77
2749074,5.5,2.77
2749075,5.5,2.77
2749076,5.5,2.77
2749077,5.5,2.77
2749078,5.5,2.77
2749079,5.5,2.77
2749080,5.5,2.77
2749081,5.5,2.77
2749082,5.5,2.77
2749083,5.5,2.77
2749084,5.5,2.77
2749085,5.5,2.77
2749086,5.5,2.77
2749087,5.5,2.77
2749088,5.5,2.77
2749089,5.5,2.77
2749090,5.5,2.77
2749091,5.5,2.77
2749092,5.5,2.77
2749093,5.5,2.77
2749094,5.5,2.77
2749095,5.5,2.77
2749096,5.5,2.77
2749097,5.5,2.77
2749098,5.5,2.77
2749099,5.5,2.77
2749100,5.5,2.77
2749101,5.5,2.77
2749102,5.5,2.77
2749103,5.5,2.77
2749104,5.5,2.77
2749105,5.5,2.77
2749106,5.5,2.77
2749107,5.5,2.77
2749108,5.5,2.77
2749109,5.5,2.77
2749110,5.5,2.77
2749111,5.5,2.77
2749112,5.5,2.77
2749113,5.5,2.77
2749114,5.5,2.77
2749115,5.5,2.77
2749116,5.5,2.77
2749117,0.0,4.91
2749118,0.0,4.91
2749119,0.0,4.91
2749120,0.0,4.91
2749121,0.0,4.91
2749122,0.0,4.91
2749123,0.0,4.91
2749124,0.0,4.91
2749125,0.0,4.91
2749126,0.0,4.91
2749127,0.0,4.91
2749128,0.0,4.91
2749129,0.0,4.91
2749130,0.0,4.91
2749131,0.0,4.91
2749132,0.0,4.91
2749133,0.0,4.91
2749134,0.0,4.91
2749135,0.0,4.91
2749136,0.0,4.91
2749137,0.0,4.91
2749138,0.0,4.91
2749139,0.0,4.91
2749140,0.0,4.91
2749141,0.0,4.91
2749142,0.0,4.91
2749143,0.0,4.91
2749144,0.0,4.91
2749145,0.0,4.91
2749146,0.0,4.91
2749147,0.0,4.91
2749148,0.0,4.91
2749149,0.0,4.91
2749150,0.0,4.91
2749151,0.0,4.91
2749152,0.0,4.91
2749153,0.0,4.91
2749154,0.0,4.91
2749155,0.0,4.91
2749156,0.0,4.91
2749157,0.0,4.91
2749158,0.0,4.91
2749159,0.0,4.91
2749160,0.0,4.91
2749161,0.0,4.91
2749162,0.0,4.91
2749163,0.0,4.91
2749164,0.0,4.91
2749165,0.0,4.91
2749166,0.0,4.91
2749167,0.0,4.91
2749168,0.0,4.91
2749169,0.0,4.91
2749170,0.0,4.91
2749171,0.0,4.91
2749172,0.0,4.91
2749173,0.0,4.91
2749174,0.0,4.91
2749175,0.0,4.91
2749176,0.0,4.91
2749177,0.0,4.91
2749178,0.0,4.91
2749179,0.0,4.91
2749180,10.95,5.52
2749181,15.5,7.82
2749182,10.95,5.52
2749183,6.95,3.5
2749184,25.65,12.94
2749185,0.0,30.8
2749186,0.0,4.66
2749187,0.0,6.99
2749188,0.0,4.66
2749189,0.0,3.24
2749190,0.0,4.91
2749191,0.0,4.91
2749192,0.0,4.91
2749193,0.0,4.91
2749194,0.0,4.91
2749195,0.0,4.91
2749196,0.0,4.91
2749197,0.0,4.91
2749198,0.0,4.91
2749199,0.0,4.91
2749200,0.0,4.91
2749201,0.0,4.91
2749202,0.0,4.91
2749203,0.0,4.91
2749204,0.0,4.91
2749205,0.0,4.91
2749206,0.0,4.91
2749207,0.0,4.91
2749208,0.0,4.91
2749209,0.0,4.91
2749210,0.0,4.91
2749211,0.0,4.91
2749212,0.0,4.91
2749213,0.0,4.91
2749214,0.0,4.91
2749215,0.0,4.91
2749216,0.0,4.91
2749217,0.0,4.91
2749218,0.0,4.91
2749219,0.0,4.91
2749220,0.0,4.91
2749221,0.0,4.91
2749222,0.0,4.91
2749223,0.0,4.91
2749224,0.0,4.91
2749225,0.0,4.91
2749226,10.95,5.52
2749227,10.95,5.52
2749228,10.95,5.52
2749229,10.95,5.52
2749230,10.95,5.52
2749231,10.95,5.52
2749232,10.95,5.52
2749233,10.95,5.52
2749234,10.95,5.52
2749235,10.95,5.52
2749236,10.95,5.52
2749237,10.95,5.52
2749238,10.95,5.52
2749239,10.95,5.52
2749240,10.95,5.52
2749241,10.95,5.52
2749242,10.95,5.52
2749243,10.95,5.52
2749244,10.95,5.52
2749245,10.95,5.52
2749246,10.95,5.52
2749247,10.95,5.52
2749248,10.95,5.52
2749249,10.95,5.52
2749250,10.95,5.52
2749251,10.95,5.52
2749252,10.95,5.52
2749253,10.95,5.52
2749254,10.95,5.52
2749255,10.95,5.52
2749256,10.95,5.52
2749257,10.95,5.52
2749258,10.95,5.52
2749259,10.95,5.52
2749260,10.95,5.52
2749261,10.95,5.52
2749262,10.95,5.52
2749263,10.95,5.52
2749264,10.95,5.52
2749265,10.95,5.52
2749266,10.95,5.52
2749267,10.95,5.52
2749268,10.95,5.52
2749269,10.95,5.52
2749270,10.95,5.52
2749271,10.95,5.52
2749272,10.95,5.52
2749273,10.95,5.52
2749274,10.95,5.52
2749275,10.95,5.52
2749276,10.95,5.52
2749277,10.95,5.52
2749278,10.95,5.52
2749279,10.95,5.52
2749280,10.95,5.52
2749281,10.95,5.52
2749282,10.95,5.52
2749283,10.95,5.52
2749284,10.95,5.52
2749285,10.95,5.52
2749286,10.95,5.52
2749287,10.95,5.52
2749288,10.95,5.52
2749289,10.95,5.52
2749290,10.95,5.52
2749291,10.95,5.52
2749292,10.95,5.52
2749293,10.95,5.52
2749294,10.95,5.52
2749295,10.95,5.52
2749296,10.95,5.52
2749297,10.95,5.52
2749298,10.95,5.52
2749299,10.95,5.52
2749300,10.95,5.52
2749301,10.95,5.52
2749302,10.95,5.52
2749303,10.95,5.52
2749304,10.95,5.52
2749305,10.95,5.52
2749306,10.95,5.52
2749307,10.95,5.52
2749308,10.95,5.52
2749309,10.95,5.52
2749310,10.95,5.52
2749311,10.95,5.52
2749312,10.95,5.52
2749313,10.95,5.52
2749314,10.95,5.52
2749315,10.95,5.52
2749316,10.95,5.52
2749317,10.95,5.52
2749318,10.95,5.52
2749319,10.95,5.52
2749320,10.95,5.52
2749321,10.95,5.52
2749322,10.95,5.52
2749323,10.95,5.52
2749324,10.95,5.52
2749325,0.0,2.68
2749326,0.0,2.68
2749327,0.0,2.68
2749328,0.0,2.68
2749329,0.0,2.68
2749330,0.0,2.68
2749331,0.0,2.68
2749332,0.0,2.68
2749333,0.0,2.68
2749334,0.0,2.68
2749335,0.0,2.68
2749336,0.0,2.68
2749337,0.0,2.68
2749338,0.0,2.68
2749339,0.0,2.68
2749340,0.0,2.68
2749341,0.0,2.68
2749342,0.0,2.68
2749343,0.0,2.68
2749344,0.0,2.68
2749345,0.0,2.68
2749346,0.0,2.68
2749347,0.0,2.68
2749348,0.0,2.68
2749349,0.0,2.68
2749350,0.0,2.68
2749351,0.0,2.68
2749352,0.0,2.68
2749353,0.0,2.68
2749354,0.0,2.68
2749355,0.0,2.68
2749356,0.0,2.68
2749357,0.0,2.68
2749358,0.0,2.68
2749359,0.0,2.68
2749360,0.0,2.68
2749361,0.0,2.68
2749362,0.0,2.68
2749363,0.0,2.68
2749364,0.0,2.68
2749365,0.0,2.68
2749366,0.0,2.68
2749367,0.0,2.68
2749368,0.0,2.68
2749369,0.0,2.68
2749370,0.0,2.68
2749371,0.0,2.68
2749372,0.0,2.68
2749373,0.0,2.68
2749374,0.0,2.68
2749375,0.0,2.68
2749376,0.0,2.68
2749377,0.0,2.68
2749378,0.0,2.68
2749379,0.0,2.68
2749380,0.0,2.68
2749381,0.0,2.68
2749382,0.0,2.68
2749383,0.0,2.68
2749384,0.0,2.68
2749385,0.0,2.68
2749386,0.0,2.68
2749387,0.0,2.68
2749388,0.0,2.68
2749389,0.0,2.68
2749390,0.0,2.68
2749391,0.0,2.68
2749392,0.0,2.68
2749393,0.0,2.68
2749394,0.0,2.68
2749395,0.0,2.68
2749396,0.0,2.68
2749397,0.0,2.68
2749398,0.0,2.68
2749399,0.0,2.68
2749400,0.0,2.68
2749401,0.0,2.68
2749402,0.0,2.68
2749403,0.0,2.68
2749404,0.0,2.68
2749405,0.0,2.68
2749406,0.0,2.68
2749407,0.0,2.68
2749408,0.0,2.68
2749409,0.0,2.68
2749410,0.0,2.68
2749411,0.0,2.68
2749412,0.0,2.68
2749413,0.0,2.68
2749414,0.0,2.68
2749415,0.0,2.68
2749416,0.0,2.68
2749417,0.0,2.68
2749418,0.0,2.68
2749419,0.0,2.68
2749420,0.0,2.68
2749421,0.0,2.68
2749422,0.0,2.68
2749423,0.0,2.68
2749424,0.0,5.95
2749425,0.0,16.17
2749426,0.0,11.99
2749427,0.0,15.95
2749428,0.0,15.95
2749429,0.0,15.95
2749430,0.0,12.95
2749431,0.0,12.95
2749432,0.0,8.03
2781919,12.1,6.77
2781920,12.3,6.9
2781921,12.3,6.9
2781922,15.45,8.67
2781923,13.05,7.32
2781924,11.95,6.71
2781925,10.15,5.7
2781926,10.8,6.06
2781927,8.65,4.85
2781928,14.45,8.1
2781929,8.5,4.79
2781930,6.55,3.68
2781931,7.3,4.1
2781932,9.4,5.27
2781933,7.3,4.1
2781934,9.4,5.27
2781935,7.3,4.1
2781936,9.6,5.38
2781937,8.55,0
2781938,16.5,0
2781939,9.8,5.51
2781940,9.8,5.5
2781941,6.2,3.5
2781942,8.25,0
2781943,7.55,4.24
2781944,5.7,3.21
2781945,9.05,5.09
2781946,11.45,0
2781947,9.85,0
2785577,12.95,0
2786624,9.95,0
2786625,9.95,0
2786626,11.95,0
2786627,14.95,0
2787139,19.0,0
2787789,35.0,0
2787792,6.5,0
2787793,39.0,0
2787865,27.4,0
2787867,10.5,0
2787869,14.95,0
2787871,37.9,19.3
2787872,18.9,0
2787875,18.0,0
2790114,29.9,16.77
2791996,92.6,47.55
2804757,40.0,20.0
2804758,3.9,0
2804759,3.9,0
2804760,3.9,0
2804761,7.9,0
2804762,7.9,0
2804763,7.9,0
2804765,10.9,0
2810389,49.95,0
2810394,20.6,0
2810398,9.95,0
2810401,9.9,0
2810402,20.5,0
2810404,15.5,0
2810408,6.95,0
2811617,8.95,0
2811618,6.95,0
2811619,15.5,0
2811621,12.95,0
2811623,14.95,0
2811624,6.95,0
2811639,15.95,0
2811643,14.94,0
2811644,14.95,0
2811645,8.95,0
2811649,14.95,0
2811652,19.95,0
2811653,19.5,0
2815185,24.9,0
2858881,7.7,4.32
2858900,8.5,4.79
2858904,13.55,7.61
2879446,60.6,31.9
2902792,9.85,5.52
2925183,9.4,0
2936112,10.9,0
2936116,7.9,0
3024597,10.9,5.9
3124269,6.95,0
3148880,125.0,0
3157992,9.9,0
3158606,7.5,0
3158834,24.95,0
3158842,12.95,0
3158844,6.95,0
3158845,5.95,0
3162314,75.0,0
3162316,89.9,0
3164691,41.8,0
3164692,19.9,0
3164693,100.7,0
3164697,60.6,0
3164731,64.9,32.45
3164752,29.9,14.95
3164753,35.9,0
3164756,39.9,19.95
3165188,89.9,44.95
3165189,29.7,14.85
3165192,20.9,0
3176766,75.0,0
3176775,41.8,0
3176784,165.0,0
3209911,139.9,69.95
3248736,0.5,0
3382798,5.5,0
3382799,5.5,0
3382800,5.5,2.77
3382802,5.5,0
3382803,5.5,2.77
3382805,11.95,6.03
3382807,9.95,5.02
3391672,32.0,0
3391708,21.5,0
3391719,10.9,5.9
3421159,38.3,19.15
3421163,29.9,14.95
3421166,31.0,15.5
3421168,36.2,18.1
3421577,38.3,19.15
3421598,26.8,13.4
3421600,30.0,15.0
3421601,34.9,17.45
3421602,30.0,15.0
3421603,34.9,17.45
3421753,38.9,19.45
3421754,31.0,15.5
3421755,24.8,12.4
3474251,37.9,18.95
3474252,36.2,18.1
3543363,7.5,2.37
3560062,38.3,19.15
3571481,6.95,0
3571483,14.95,0
3571485,24.95,0
3571488,5.5,0
3571490,5.5,0
3571491,5.5,2.77
3571493,5.5,0
3571494,5.5,0
3579045,40.0,18.5
3781575,7.0,0
3781576,7.0,0
3781578,7.0,0
3781579,7.0,0
3781581,7.0,0
3968791,44.9,22.45
3978647,99.95,0
3978648,12.95,0
4001427,49.95,0
4001428,19.9,9.9
4001429,18.9,9.45
4001430,59.9,24.95
4001431,99.9,49.95
4001432,189.9,59.0
4001433,189.9,0
4001434,83.9,41.95
4001435,109.9,54.95
4039804,74.9,37.45
4039807,72.9,36.45
4040019,89.9,44.95
4040105,79.9,0
4189943,39.95,20.15
4200494,9.55,0
4233137,24.95,0
4348834,21.9,10.95
4348835,19.9,9.95
4348836,21.9,10.95
4348837,19.9,9.95
4348838,19.9,9.95
4348839,19.9,9.95
4348840,19.9,9.95
4348841,19.9,9.95
4348842,19.9,9.95
4348843,21.9,10.95
4435709,74.0,37.0
4435711,89.0,44.5
4435712,54.0,27.0
4468344,27.9,13.95
4491696,7.9,4.44
4502271,6.35,3.56
4502329,6.2,3.5
4503777,5.5,0
4526241,4.3,7.7
4526244,16.25,9.09
4526253,10.84,0
4665421,79.0,34.9
4665470,29.9,13.45
4665730,59.9,29.95
4665731,86.9,43.45
4665732,99.9,49.95
4665734,99.9,49.95
4665735,109.9,54.95
4665736,129.9,64.95
4703861,9.9,0
4704307,59.9,29.95
4706221,99.95,59.95
4706225,34.95,15.1
4718136,9.95,5.28
4718138,29.95,15.1
4718143,24.95,12.58
4766270,9.95,5.1
4766271,34.95,0
4793042,9.95,0
4793299,24.95,12.58
4835337,29.7,14.85
4850272,9.75,5.46
4850283,10.3,5.78
4873142,54.9,27.45
4873146,44.9,22.45
4873147,39.9,19.95
4897397,9.0,4.5
4901408,9.0,4.5
4906861,19.95,10.06
4906862,24.95,12.58
4911772,59.0,0
4933539,19.9,9.95
4958492,19.95,10.0
4958494,42.0,0
4958496,22.0,0
4964041,58.8,0
5021024,12.95,6.53
5021025,35.0,0
5033326,27.9,13.95
5033330,19.9,9.95
5033337,24.9,12.45
5033338,10.9,5.45
5033377,31.9,15.95
5033378,31.9,15.95
5045068,144.9,72.45
5045071,119.9,59.95
5045254,64.0,32.0
5060455,14.25,7.98
5114110,8.5,0
5156244,9.9,0
5177548,76.9,38.45
5178863,19.9,9.95
5178865,32.9,16.45
5195502,44.9,22.45
5235488,39.0,0
5266528,39.9,19.95
5275499,47.9,0
5275550,6.95,3.89
5275553,9.5,5.33
5275555,10.7,5.99
5275561,13.05,7.32
5303532,15.99,8.06
5303535,14.99,7.56
5303553,14.99,7.56
5303572,24.99,12.6
5304891,89.9,39.9
5307453,35.9,17.95
5307460,21.9,10.95
5307473,99.9,49.95
5307478,65.9,32.95
5307841,107.9,53.95
5307846,129.9,64.95
5307863,104.9,52.45
5307864,121.9,60.95
5307865,43.9,21.95
5307868,61.9,30.95
5379035,89.9,44.95
5379037,29.9,14.95
5445328,12.99,6.55
5445344,34.99,17.64
5512584,96.9,41.18
5512587,24.9,10.58
5614895,5.5,2.77
5614901,5.5,2.77
5614906,5.5,2.77
5615285,5.5,2.77
5616457,5.5,2.77
5616459,5.5,2.77
5616474,5.5,2.77
5669245,5.5,2.77
5669308,5.5,2.77
5669317,5.5,2.77
5670073,5.5,2.77
5671247,5.5,2.77
5683385,2.77,5.5
5683386,2.77,5.5
5683419,2.77,5.5
5683420,2.77,5.5
5683421,2.77,5.5
5683422,2.77,5.5
5683423,2.77,5.5
5683426,2.77,5.5
5683427,5.5,2.77
5739399,5.5,2.77
5739400,5.5,2.77
5739401,5.5,2.77
5739402,5.5,2.77
5739403,5.5,2.77
5739404,5.5,2.77
5739405,5.5,2.77
5739407,5.5,2.77
5739408,5.5,2.77
5739409,5.5,2.77
5739411,5.5,2.77
5739412,5.5,2.77
5739413,5.5,2.77
5739414,5.5,2.77
5739791,5.5,2.77
5739794,5.5,2.77
5739797,5.5,2.77
5739798,5.5,2.77
5739804,5.5,2.77
5739806,5.5,2.77
5739815,5.5,2.77
5739816,5.5,2.77
5739817,5.5,2.77
5739818,5.5,2.77
5739819,5.5,2.77
5739823,5.5,2.77
5740093,15.95,7.24
5741812,13.05,7.32
5742036,11.95,4.99
5869501,24.99,12.6
5869502,12.99,6.55
5869505,11.99,6.05
5869506,12.99,6.55
5869507,11.99,6.05
5897099,5.5,2.77
5897115,5.5,2.77
5897116,5.5,2.77
5897118,5.5,2.77
5897120,5.5,2.77
5902547,32.9,16.45
5902877,276.9,138.46
5902881,294.5,147.24
5902886,74.0,37.0
5921088,49.9,24.95
5921090,59.9,29.95
5921091,39.9,19.95
5921092,59.9,29.95
5986577,19.9,0
5986579,12.9,0
5986581,11.9,0
5986583,39.9,0
6005773,15.95,8.04
6005779,14.99,7.56
6038834,21.9,10.95
6050026,19.9,10.08
6054304,22.95,12.6
6054306,29.9,15.1
6054654,2.77,5.5
6055018,5.5,2.77
6055019,5.5,2.77
6055020,5.5,2.77
6082773,6.85,3.83
6082774,8.75,4.89
6082775,11.15,6.24
6082778,4.4,2.46
6116096,9.99,5.04
6135043,7.0,0
6147873,23.87,20.06
6169232,38.9,19.45
6172422,26.9,13.45
6172661,28.9,14.45
6221397,15.99,0
6231780,42.0,37.0
6339784,5.65,2.85
6341243,5.65,2.85
6341245,5.65,2.85
6341247,5.65,2.85
6341252,5.65,2.85
6341258,11.99,6.05
6341261,11.99,6.05
6341265,11.99,6.05
6341326,19.99,10.08
6342709,9.99,5.04
6342713,29.99,15.12
6342789,14.99,7.56
6343307,9.99,5.04
6343324,29.99,15.1
6343465,19.99,10.08
6364854,44.9,22.45
6364879,39.9,19.95
6365047,29.9,14.95
6366936,29.9,14.95
6366937,43.4,21.7
6366938,21.9,10.95
6366939,119.9,59.95
6366941,99.9,49.95
6367125,7.21,0
6367442,221.5,110.75
6367443,235.6,117.8
